"Activity Date","Process Date","Settle Date","Instrument","Description","Trans Code","Quantity","Price","Amount"
"6/2/2026","6/2/2026","6/3/2026","SPXW","SPXW 6/2/2026 Call $7,645.00","STC","25","$0.25","$602.75"
"6/2/2026","6/2/2026","6/3/2026","SPXW","SPXW 6/2/2026 Call $7,640.00","BTC","25","$0.35","($897.25)"
"6/2/2026","6/2/2026","6/3/2026","SPXW","SPXW 6/2/2026 Put $7,565.00","STC","5","$0.67","$330.55"
"6/2/2026","6/2/2026","6/3/2026","SPXW","SPXW 6/2/2026 Put $7,570.00","BTC","5","$0.77","($389.45)"
"6/2/2026","6/2/2026","6/3/2026","SPXW","SPXW 6/2/2026 Call $7,645.00","BTO","15","$1.07","($1,619.70)"
"6/2/2026","6/2/2026","6/3/2026","SPXW","SPXW 6/2/2026 Call $7,640.00","STO","15","$1.57","$2,340.30"
"6/2/2026","6/2/2026","6/3/2026","SPXW","SPXW 6/2/2026 Call $7,645.00","BTO","9","$1.00","($908.82)"
"6/2/2026","6/2/2026","6/3/2026","SPXW","SPXW 6/2/2026 Call $7,645.00","BTO","1","$1.00","($100.98)"
"6/2/2026","6/2/2026","6/3/2026","SPXW","SPXW 6/2/2026 Call $7,640.00","STO","10","$1.50","$1,490.20"
"6/2/2026","6/2/2026","6/3/2026","SPXW","SPXW 6/2/2026 Put $7,570.00","STO","5","$3.57","$1,780.10"
"6/2/2026","6/2/2026","6/3/2026","SPXW","SPXW 6/2/2026 Put $7,565.00","BTO","5","$2.92","($1,464.90)"
"6/1/2026","6/1/2026","6/2/2026","SPXW","Option Expiration for SPXW 6/1/2026 Call $7,635.00","OEXP","17","",""
"6/1/2026","6/1/2026","6/2/2026","SPXW","Option Expiration for SPXW 6/1/2026 Call $7,625.00","OEXP","20","",""
"6/1/2026","6/1/2026","6/2/2026","SPXW","Option Expiration for SPXW 6/1/2026 Call $7,630.00","OEXP","20S","",""
"6/1/2026","6/1/2026","6/2/2026","SPXW","Option Expiration for SPXW 6/1/2026 Call $7,640.00","OEXP","17S","",""
"6/1/2026","6/1/2026","6/2/2026","SPXW","SPXW 6/1/2026 Call $7,640.00","BTO","7","$0.45","($321.23)"
"6/1/2026","6/1/2026","6/2/2026","SPXW","SPXW 6/1/2026 Call $7,635.00","STO","7","$0.70","$483.77"
"6/1/2026","6/1/2026","6/2/2026","SPXW","SPXW 6/1/2026 Call $7,640.00","BTO","10","$0.45","($458.90)"
"6/1/2026","6/1/2026","6/2/2026","SPXW","SPXW 6/1/2026 Call $7,635.00","STO","10","$0.70","$691.10"
"6/1/2026","6/1/2026","6/2/2026","SPXW","SPXW 6/1/2026 Call $7,630.00","BTO","8","$0.53","($431.12)"
"6/1/2026","6/1/2026","6/2/2026","SPXW","SPXW 6/1/2026 Call $7,625.00","STO","8","$0.78","$616.88"
"6/1/2026","6/1/2026","6/2/2026","SPXW","SPXW 6/1/2026 Call $7,630.00","BTO","9","$0.55","($503.01)"
"6/1/2026","6/1/2026","6/2/2026","SPXW","SPXW 6/1/2026 Call $7,625.00","STO","9","$0.80","$711.99"
"6/1/2026","6/1/2026","6/2/2026","SPXW","SPXW 6/1/2026 Call $7,630.00","BTO","1","$0.55","($55.89)"
"6/1/2026","6/1/2026","6/2/2026","SPXW","SPXW 6/1/2026 Call $7,630.00","BTO","1","$0.55","($55.89)"
"6/1/2026","6/1/2026","6/2/2026","SPXW","SPXW 6/1/2026 Call $7,630.00","BTO","1","$0.55","($55.89)"
"6/1/2026","6/1/2026","6/2/2026","SPXW","SPXW 6/1/2026 Call $7,625.00","STO","3","$0.80","$237.33"
"6/1/2026","6/1/2026","6/2/2026","SPXW","SPXW 6/1/2026 Put $7,545.00","STC","10","$1.00","$990.20"
"6/1/2026","6/1/2026","6/2/2026","SPXW","SPXW 6/1/2026 Put $7,550.00","BTC","10","$1.20","($1,209.80)"
"6/1/2026","6/1/2026","6/2/2026","SPXW","SPXW 6/1/2026 Call $7,610.00","STC","5","$0.92","$455.55"
"6/1/2026","6/1/2026","6/2/2026","SPXW","SPXW 6/1/2026 Call $7,605.00","BTC","5","$1.42","($714.90)"
"6/1/2026","6/1/2026","6/2/2026","SPXW","SPXW 6/1/2026 Call $7,610.00","STC","5","$0.90","$445.55"
"6/1/2026","6/1/2026","6/2/2026","SPXW","SPXW 6/1/2026 Call $7,605.00","BTC","5","$1.40","($704.90)"
"6/1/2026","6/1/2026","6/2/2026","SPXW","SPXW 6/1/2026 Call $7,610.00","STC","10","$0.98","$971.10"
"6/1/2026","6/1/2026","6/2/2026","SPXW","SPXW 6/1/2026 Call $7,605.00","BTC","10","$1.48","($1,489.80)"
"6/1/2026","6/1/2026","6/2/2026","SPXW","SPXW 6/1/2026 Put $7,535.00","STC","10","$0.67","$661.10"
"6/1/2026","6/1/2026","6/2/2026","SPXW","SPXW 6/1/2026 Put $7,540.00","BTC","10","$0.77","($778.90)"
"6/1/2026","6/1/2026","6/2/2026","SPXW","SPXW 6/1/2026 Call $7,610.00","BTO","5","$1.78","($894.90)"
"6/1/2026","6/1/2026","6/2/2026","SPXW","SPXW 6/1/2026 Call $7,605.00","STO","5","$2.68","$1,335.10"
"6/1/2026","6/1/2026","6/2/2026","SPXW","SPXW 6/1/2026 Call $7,610.00","BTO","5","$1.78","($894.90)"
"6/1/2026","6/1/2026","6/2/2026","SPXW","SPXW 6/1/2026 Call $7,605.00","STO","5","$2.68","$1,335.10"
"6/1/2026","6/1/2026","6/2/2026","SPXW","SPXW 6/1/2026 Call $7,610.00","BTO","10","$0.97","($978.90)"
"6/1/2026","6/1/2026","6/2/2026","SPXW","SPXW 6/1/2026 Call $7,605.00","STO","10","$1.42","$1,410.20"
"6/1/2026","6/1/2026","6/2/2026","SPXW","SPXW 6/1/2026 Put $7,535.00","BTO","7","$3.95","($2,771.86)"
"6/1/2026","6/1/2026","6/2/2026","SPXW","SPXW 6/1/2026 Put $7,540.00","STO","7","$4.65","$3,248.14"
"6/1/2026","6/1/2026","6/2/2026","SPXW","SPXW 6/1/2026 Put $7,535.00","BTO","3","$3.90","($1,172.94)"
"6/1/2026","6/1/2026","6/2/2026","SPXW","SPXW 6/1/2026 Put $7,540.00","STO","3","$4.60","$1,377.06"
"6/1/2026","6/1/2026","6/2/2026","SPXW","SPXW 6/1/2026 Put $7,545.00","BTO","10","$4.65","($4,659.80)"
"6/1/2026","6/1/2026","6/2/2026","SPXW","SPXW 6/1/2026 Put $7,550.00","STO","10","$5.45","$5,440.20"
"6/1/2026","6/1/2026","6/1/2026","","Gold Deposit Boost Payment","GDBP","","","$16.88"
"5/29/2026","5/29/2026","6/1/2026","SPXW","Option Expiration for SPXW 5/29/2026 Put $7,580.00","OEXP","10","",""
"5/29/2026","5/29/2026","6/1/2026","SPXW","Option Expiration for SPXW 5/29/2026 Put $7,575.00","OEXP","10S","",""
"5/29/2026","5/29/2026","5/29/2026","","Interest Payment","INT","","","$0.19"
"5/29/2026","5/29/2026","6/1/2026","SPXW","SPXW 5/29/2026 Put $7,575.00","BTO","1","$0.25","($25.89)"
"5/29/2026","5/29/2026","6/1/2026","SPXW","SPXW 5/29/2026 Put $7,580.00","STO","1","$0.95","$94.11"
"5/29/2026","5/29/2026","6/1/2026","SPXW","SPXW 5/29/2026 Put $7,575.00","BTO","1","$0.25","($25.89)"
"5/29/2026","5/29/2026","6/1/2026","SPXW","SPXW 5/29/2026 Put $7,580.00","STO","1","$0.95","$94.11"
"5/29/2026","5/29/2026","6/1/2026","SPXW","SPXW 5/29/2026 Put $7,575.00","BTO","1","$0.25","($25.89)"
"5/29/2026","5/29/2026","6/1/2026","SPXW","SPXW 5/29/2026 Put $7,580.00","STO","1","$0.95","$94.11"
"5/29/2026","5/29/2026","6/1/2026","SPXW","SPXW 5/29/2026 Put $7,575.00","BTO","1","$0.25","($25.89)"
"5/29/2026","5/29/2026","6/1/2026","SPXW","SPXW 5/29/2026 Put $7,575.00","BTO","1","$0.25","($25.89)"
"5/29/2026","5/29/2026","6/1/2026","SPXW","SPXW 5/29/2026 Put $7,580.00","STO","2","$0.95","$188.22"
"5/29/2026","5/29/2026","6/1/2026","SPXW","SPXW 5/29/2026 Put $7,575.00","BTO","2","$0.22","($45.78)"
"5/29/2026","5/29/2026","6/1/2026","SPXW","SPXW 5/29/2026 Put $7,580.00","STO","2","$0.92","$182.22"
"5/29/2026","5/29/2026","6/1/2026","SPXW","SPXW 5/29/2026 Put $7,575.00","BTO","3","$0.22","($68.67)"
"5/29/2026","5/29/2026","6/1/2026","SPXW","SPXW 5/29/2026 Put $7,580.00","STO","3","$0.92","$273.33"
"5/29/2026","5/29/2026","6/1/2026","SPXW","SPXW 5/29/2026 Put $7,550.00","BTC","15","$0.32","($493.35)"
"5/29/2026","5/29/2026","6/1/2026","SPXW","SPXW 5/29/2026 Put $7,545.00","STC","15","$0.22","$316.65"
"5/29/2026","5/29/2026","6/1/2026","SPXW","SPXW 5/29/2026 Put $7,545.00","STC","5","$0.70","$345.55"
"5/29/2026","5/29/2026","6/1/2026","SPXW","SPXW 5/29/2026 Put $7,550.00","BTC","5","$0.85","($429.45)"
"5/29/2026","5/29/2026","6/1/2026","SPXW","SPXW 5/29/2026 Put $7,545.00","BTO","10","$4.15","($4,159.80)"
"5/29/2026","5/29/2026","6/1/2026","SPXW","SPXW 5/29/2026 Put $7,550.00","STO","10","$4.95","$4,940.20"
"5/29/2026","5/29/2026","6/1/2026","SPXW","SPXW 5/29/2026 Put $7,545.00","BTO","1","$3.47","($347.98)"
"5/29/2026","5/29/2026","6/1/2026","SPXW","SPXW 5/29/2026 Put $7,550.00","STO","1","$4.12","$411.02"
"5/29/2026","5/29/2026","6/1/2026","SPXW","SPXW 5/29/2026 Put $7,545.00","BTO","1","$3.47","($347.98)"
"5/29/2026","5/29/2026","6/1/2026","SPXW","SPXW 5/29/2026 Put $7,550.00","STO","1","$4.12","$411.02"
"5/29/2026","5/29/2026","6/1/2026","SPXW","SPXW 5/29/2026 Put $7,545.00","BTO","1","$3.47","($347.98)"
"5/29/2026","5/29/2026","6/1/2026","SPXW","SPXW 5/29/2026 Put $7,550.00","STO","1","$4.12","$411.02"
"5/29/2026","5/29/2026","6/1/2026","SPXW","SPXW 5/29/2026 Put $7,545.00","BTO","1","$3.47","($347.98)"
"5/29/2026","5/29/2026","6/1/2026","SPXW","SPXW 5/29/2026 Put $7,550.00","STO","1","$4.12","$411.02"
"5/29/2026","5/29/2026","6/1/2026","SPXW","SPXW 5/29/2026 Put $7,545.00","BTO","1","$3.47","($347.98)"
"5/29/2026","5/29/2026","6/1/2026","SPXW","SPXW 5/29/2026 Put $7,550.00","STO","1","$4.12","$411.02"
"5/29/2026","5/29/2026","6/1/2026","SPXW","SPXW 5/29/2026 Put $7,545.00","BTO","1","$3.47","($347.98)"
"5/29/2026","5/29/2026","6/1/2026","SPXW","SPXW 5/29/2026 Put $7,550.00","STO","1","$4.12","$411.02"
"5/29/2026","5/29/2026","6/1/2026","SPXW","SPXW 5/29/2026 Put $7,545.00","BTO","1","$3.47","($347.98)"
"5/29/2026","5/29/2026","6/1/2026","SPXW","SPXW 5/29/2026 Put $7,550.00","STO","1","$4.12","$411.02"
"5/29/2026","5/29/2026","6/1/2026","SPXW","SPXW 5/29/2026 Put $7,545.00","BTO","1","$3.47","($347.98)"
"5/29/2026","5/29/2026","6/1/2026","SPXW","SPXW 5/29/2026 Put $7,550.00","STO","1","$4.12","$411.02"
"5/29/2026","5/29/2026","6/1/2026","SPXW","SPXW 5/29/2026 Put $7,545.00","BTO","1","$3.47","($347.98)"
"5/29/2026","5/29/2026","6/1/2026","SPXW","SPXW 5/29/2026 Put $7,550.00","STO","1","$4.12","$411.02"
"5/29/2026","5/29/2026","6/1/2026","SPXW","SPXW 5/29/2026 Put $7,545.00","BTO","1","$3.47","($347.98)"
"5/29/2026","5/29/2026","6/1/2026","SPXW","SPXW 5/29/2026 Put $7,550.00","STO","1","$4.12","$411.02"
"5/28/2026","5/28/2026","5/29/2026","SPXW","SPXW 5/28/2026 Call $7,580.00","BTC","20","$0.14","($297.80)"
"5/28/2026","5/28/2026","5/29/2026","SPXW","SPXW 5/28/2026 Call $7,585.00","STC","20","$0.09","$162.20"
"5/28/2026","5/28/2026","5/29/2026","SPXW","SPXW 5/28/2026 Call $7,580.00","STO","10","$2.05","$2,040.20"
"5/28/2026","5/28/2026","5/29/2026","SPXW","SPXW 5/28/2026 Call $7,585.00","BTO","10","$1.45","($1,459.80)"
"5/28/2026","5/28/2026","5/29/2026","SPXW","SPXW 5/28/2026 Call $7,585.00","BTO","10","$1.92","($1,929.80)"
"5/28/2026","5/28/2026","5/29/2026","SPXW","SPXW 5/28/2026 Call $7,580.00","STO","10","$2.52","$2,510.20"
"5/27/2026","5/27/2026","5/28/2026","SPXW","SPXW 5/27/2026 Put $7,485.00","BTC","2","$0.52","($105.78)"
"5/27/2026","5/27/2026","5/28/2026","SPXW","SPXW 5/27/2026 Put $7,480.00","STC","2","$0.37","$72.22"
"5/27/2026","5/27/2026","5/28/2026","SPXW","SPXW 5/27/2026 Put $7,485.00","BTC","3","$0.57","($173.67)"
"5/27/2026","5/27/2026","5/28/2026","SPXW","SPXW 5/27/2026 Put $7,480.00","STC","3","$0.42","$123.33"
"5/27/2026","5/27/2026","5/28/2026","SPXW","SPXW 5/27/2026 Put $7,485.00","BTC","1","$0.55","($55.89)"
"5/27/2026","5/27/2026","5/28/2026","SPXW","SPXW 5/27/2026 Put $7,480.00","STC","1","$0.40","$39.11"
"5/27/2026","5/27/2026","5/28/2026","SPXW","SPXW 5/27/2026 Put $7,485.00","BTC","1","$0.57","($57.89)"
"5/27/2026","5/27/2026","5/28/2026","SPXW","SPXW 5/27/2026 Put $7,480.00","STC","1","$0.42","$41.11"
"5/27/2026","5/27/2026","5/28/2026","SPXW","SPXW 5/27/2026 Put $7,480.00","STC","8","$0.52","$408.88"
"5/27/2026","5/27/2026","5/28/2026","SPXW","SPXW 5/27/2026 Put $7,485.00","BTC","8","$0.72","($583.12)"
"5/27/2026","5/27/2026","5/28/2026","SPXW","SPXW 5/27/2026 Call $7,565.00","STC","20","$0.24","$462.20"
"5/27/2026","5/27/2026","5/28/2026","SPXW","SPXW 5/27/2026 Call $7,560.00","BTC","20","$0.29","($597.80)"
"5/27/2026","5/27/2026","5/28/2026","SPXW","SPXW 5/27/2026 Put $7,485.00","STO","10","$4.55","$4,540.20"
"5/27/2026","5/27/2026","5/28/2026","SPXW","SPXW 5/27/2026 Put $7,480.00","BTO","10","$3.75","($3,759.80)"
"5/27/2026","5/27/2026","5/28/2026","SPXW","SPXW 5/27/2026 Call $7,565.00","BTO","8","$1.65","($1,327.84)"
"5/27/2026","5/27/2026","5/28/2026","SPXW","SPXW 5/27/2026 Call $7,560.00","STO","8","$2.25","$1,792.16"
"5/27/2026","5/27/2026","5/28/2026","SPXW","SPXW 5/27/2026 Call $7,565.00","BTO","1","$1.65","($165.98)"
"5/27/2026","5/27/2026","5/28/2026","SPXW","SPXW 5/27/2026 Call $7,560.00","STO","1","$2.25","$224.02"
"5/27/2026","5/27/2026","5/28/2026","SPXW","SPXW 5/27/2026 Call $7,565.00","BTO","1","$1.65","($165.98)"
"5/27/2026","5/27/2026","5/28/2026","SPXW","SPXW 5/27/2026 Call $7,560.00","STO","1","$2.25","$224.02"
"5/27/2026","5/27/2026","5/28/2026","SPXW","SPXW 5/27/2026 Call $7,565.00","BTO","10","$1.33","($1,339.80)"
"5/27/2026","5/27/2026","5/28/2026","SPXW","SPXW 5/27/2026 Call $7,560.00","STO","10","$1.78","$1,770.20"
"5/27/2026","5/27/2026","5/28/2026","SPXW","SPXW 5/27/2026 Put $7,485.00","STO","1","$3.72","$371.02"
"5/27/2026","5/27/2026","5/28/2026","SPXW","SPXW 5/27/2026 Put $7,480.00","BTO","1","$3.12","($312.98)"
"5/27/2026","5/27/2026","5/28/2026","SPXW","SPXW 5/27/2026 Put $7,485.00","STO","1","$3.72","$371.02"
"5/27/2026","5/27/2026","5/28/2026","SPXW","SPXW 5/27/2026 Put $7,480.00","BTO","1","$3.12","($312.98)"
"5/27/2026","5/27/2026","5/28/2026","SPXW","SPXW 5/27/2026 Put $7,485.00","STO","1","$3.72","$371.02"
"5/27/2026","5/27/2026","5/28/2026","SPXW","SPXW 5/27/2026 Put $7,480.00","BTO","1","$3.12","($312.98)"
"5/27/2026","5/27/2026","5/28/2026","SPXW","SPXW 5/27/2026 Put $7,485.00","STO","1","$3.72","$371.02"
"5/27/2026","5/27/2026","5/28/2026","SPXW","SPXW 5/27/2026 Put $7,480.00","BTO","1","$3.12","($312.98)"
"5/27/2026","5/27/2026","5/28/2026","SPXW","SPXW 5/27/2026 Put $7,485.00","STO","1","$3.72","$371.02"
"5/27/2026","5/27/2026","5/28/2026","SPXW","SPXW 5/27/2026 Put $7,480.00","BTO","1","$3.12","($312.98)"
"5/27/2026","5/27/2026","5/28/2026","MSFT","Microsoft
CUSIP: 594918104
Dividend Reinvestment","Buy","0.1387","$413.84","($57.40)"
"5/26/2026","5/26/2026","5/27/2026","SPXW","Option Expiration for SPXW 5/26/2026 Call $7,555.00","OEXP","19","",""
"5/26/2026","5/26/2026","5/27/2026","SPXW","Option Expiration for SPXW 5/26/2026 Call $7,565.00","OEXP","5","",""
"5/26/2026","5/26/2026","5/27/2026","SPXW","Option Expiration for SPXW 5/26/2026 Call $7,570.00","OEXP","5S","",""
"5/26/2026","5/26/2026","5/27/2026","SPXW","Option Expiration for SPXW 5/26/2026 Call $7,560.00","OEXP","19S","",""
"5/26/2026","5/26/2026","5/26/2026","MSFT","Cash Div: R/D 2026-05-21 P/D 2026-06-11 - 63.077085 shares at 0.91","CDIV","","","$57.40"
"5/26/2026","5/26/2026","5/27/2026","SPXW","SPXW 5/26/2026 Call $7,560.00","BTO","1","$2.77","($277.98)"
"5/26/2026","5/26/2026","5/27/2026","SPXW","SPXW 5/26/2026 Call $7,555.00","STO","1","$3.52","$351.02"
"5/26/2026","5/26/2026","5/27/2026","SPXW","SPXW 5/26/2026 Call $7,560.00","BTO","1","$2.77","($277.98)"
"5/26/2026","5/26/2026","5/27/2026","SPXW","SPXW 5/26/2026 Call $7,555.00","STO","1","$3.52","$351.02"
"5/26/2026","5/26/2026","5/27/2026","SPXW","SPXW 5/26/2026 Call $7,560.00","BTO","1","$2.77","($277.98)"
"5/26/2026","5/26/2026","5/27/2026","SPXW","SPXW 5/26/2026 Call $7,555.00","STO","1","$3.52","$351.02"
"5/26/2026","5/26/2026","5/27/2026","SPXW","SPXW 5/26/2026 Call $7,560.00","BTO","1","$2.77","($277.98)"
"5/26/2026","5/26/2026","5/27/2026","SPXW","SPXW 5/26/2026 Call $7,555.00","STO","1","$3.52","$351.02"
"5/26/2026","5/26/2026","5/27/2026","SPXW","SPXW 5/26/2026 Call $7,560.00","BTO","1","$2.77","($277.98)"
"5/26/2026","5/26/2026","5/27/2026","SPXW","SPXW 5/26/2026 Call $7,555.00","STO","1","$3.52","$351.02"
"5/26/2026","5/26/2026","5/27/2026","SPXW","SPXW 5/26/2026 Call $7,560.00","BTO","1","$2.77","($277.98)"
"5/26/2026","5/26/2026","5/27/2026","SPXW","SPXW 5/26/2026 Call $7,555.00","STO","1","$3.52","$351.02"
"5/26/2026","5/26/2026","5/27/2026","SPXW","SPXW 5/26/2026 Call $7,560.00","BTO","1","$2.77","($277.98)"
"5/26/2026","5/26/2026","5/27/2026","SPXW","SPXW 5/26/2026 Call $7,555.00","STO","1","$3.52","$351.02"
"5/26/2026","5/26/2026","5/27/2026","SPXW","SPXW 5/26/2026 Call $7,560.00","BTO","1","$2.77","($277.98)"
"5/26/2026","5/26/2026","5/27/2026","SPXW","SPXW 5/26/2026 Call $7,555.00","STO","1","$3.52","$351.02"
"5/26/2026","5/26/2026","5/27/2026","SPXW","SPXW 5/26/2026 Call $7,560.00","BTO","1","$2.77","($277.98)"
"5/26/2026","5/26/2026","5/27/2026","SPXW","SPXW 5/26/2026 Call $7,555.00","STO","1","$3.52","$351.02"
"5/26/2026","5/26/2026","5/27/2026","SPXW","SPXW 5/26/2026 Call $7,570.00","BTO","5","$1.52","($764.90)"
"5/26/2026","5/26/2026","5/27/2026","SPXW","SPXW 5/26/2026 Call $7,565.00","STO","5","$1.87","$930.10"
"5/26/2026","5/26/2026","5/27/2026","SPXW","SPXW 5/26/2026 Call $7,560.00","BTO","1","$1.90","($190.98)"
"5/26/2026","5/26/2026","5/27/2026","SPXW","SPXW 5/26/2026 Call $7,555.00","STO","1","$2.35","$234.02"
"5/26/2026","5/26/2026","5/27/2026","SPXW","SPXW 5/26/2026 Call $7,560.00","BTO","1","$1.90","($190.98)"
"5/26/2026","5/26/2026","5/27/2026","SPXW","SPXW 5/26/2026 Call $7,555.00","STO","1","$2.35","$234.02"
"5/26/2026","5/26/2026","5/27/2026","SPXW","SPXW 5/26/2026 Call $7,560.00","BTO","1","$1.90","($190.98)"
"5/26/2026","5/26/2026","5/27/2026","SPXW","SPXW 5/26/2026 Call $7,555.00","STO","1","$2.35","$234.02"
"5/26/2026","5/26/2026","5/27/2026","SPXW","SPXW 5/26/2026 Call $7,560.00","BTO","1","$1.90","($190.98)"
"5/26/2026","5/26/2026","5/27/2026","SPXW","SPXW 5/26/2026 Call $7,555.00","STO","1","$2.35","$234.02"
"5/26/2026","5/26/2026","5/27/2026","SPXW","SPXW 5/26/2026 Call $7,560.00","BTO","1","$1.90","($190.98)"
"5/26/2026","5/26/2026","5/27/2026","SPXW","SPXW 5/26/2026 Call $7,555.00","STO","1","$2.35","$234.02"
"5/26/2026","5/26/2026","5/27/2026","SPXW","SPXW 5/26/2026 Call $7,560.00","BTO","1","$1.90","($190.98)"
"5/26/2026","5/26/2026","5/27/2026","SPXW","SPXW 5/26/2026 Call $7,555.00","STO","1","$2.35","$234.02"
"5/26/2026","5/26/2026","5/27/2026","SPXW","SPXW 5/26/2026 Call $7,560.00","BTO","4","$1.90","($763.92)"
"5/26/2026","5/26/2026","5/27/2026","SPXW","SPXW 5/26/2026 Call $7,555.00","STO","4","$2.35","$936.08"
"5/22/2026","5/22/2026","5/26/2026","SPXW","SPXW 5/22/2026 Call $7,540.00","STC","10","$0.09","$81.10"
"5/22/2026","5/22/2026","5/26/2026","SPXW","SPXW 5/22/2026 Call $7,535.00","BTC","10","$0.14","($148.90)"
"5/22/2026","5/22/2026","5/26/2026","SPXW","SPXW 5/22/2026 Call $7,525.00","BTC","4","$0.17","($71.56)"
"5/22/2026","5/22/2026","5/26/2026","SPXW","SPXW 5/22/2026 Call $7,530.00","STC","4","$0.12","$44.44"
"5/22/2026","5/22/2026","5/26/2026","SPXW","SPXW 5/22/2026 Call $7,525.00","BTC","6","$0.17","($107.34)"
"5/22/2026","5/22/2026","5/26/2026","SPXW","SPXW 5/22/2026 Call $7,530.00","STC","6","$0.12","$66.66"
"5/22/2026","5/22/2026","5/26/2026","SPXW","SPXW 5/22/2026 Call $7,530.00","BTO","10","$1.30","($1,309.80)"
"5/22/2026","5/22/2026","5/26/2026","SPXW","SPXW 5/22/2026 Call $7,525.00","STO","10","$1.90","$1,890.20"
"5/22/2026","5/22/2026","5/26/2026","SPXW","SPXW 5/22/2026 Call $7,540.00","BTO","10","$2.50","($2,509.80)"
"5/22/2026","5/22/2026","5/26/2026","SPXW","SPXW 5/22/2026 Call $7,535.00","STO","10","$3.15","$3,140.20"
"5/21/2026","5/21/2026","5/22/2026","SPXW","SPXW 5/21/2026 Call $7,480.00","BTC","5","$0.25","($129.45)"
"5/21/2026","5/21/2026","5/22/2026","SPXW","SPXW 5/21/2026 Call $7,485.00","STC","5","$0.20","$95.55"
"5/21/2026","5/21/2026","5/22/2026","SPXW","SPXW 5/21/2026 Call $7,485.00","BTO","3","$1.57","($473.94)"
"5/21/2026","5/21/2026","5/22/2026","SPXW","SPXW 5/21/2026 Call $7,480.00","STO","3","$2.07","$618.06"
"5/21/2026","5/21/2026","5/22/2026","SPXW","SPXW 5/21/2026 Call $7,485.00","BTO","2","$1.57","($315.96)"
"5/21/2026","5/21/2026","5/22/2026","SPXW","SPXW 5/21/2026 Call $7,480.00","STO","2","$2.07","$412.04"
"5/21/2026","5/21/2026","5/22/2026","SPXW","SPXW 5/21/2026 Put $7,340.00","STC","1","$0.90","$89.11"
"5/21/2026","5/21/2026","5/22/2026","SPXW","SPXW 5/21/2026 Put $7,340.00","STC","1","$0.90","$89.11"
"5/21/2026","5/21/2026","5/22/2026","SPXW","SPXW 5/21/2026 Put $7,345.00","BTC","2","$1.10","($221.96)"
"5/21/2026","5/21/2026","5/22/2026","SPXW","SPXW 5/21/2026 Put $7,340.00","STC","1","$1.08","$107.02"
"5/21/2026","5/21/2026","5/22/2026","SPXW","SPXW 5/21/2026 Put $7,345.00","BTC","1","$1.28","($128.98)"
"5/21/2026","5/21/2026","5/22/2026","SPXW","SPXW 5/21/2026 Put $7,330.00","STC","5","$0.72","$355.55"
"5/21/2026","5/21/2026","5/22/2026","SPXW","SPXW 5/21/2026 Put $7,335.00","BTC","5","$0.87","($439.45)"
"5/21/2026","5/21/2026","5/22/2026","SPXW","SPXW 5/21/2026 Put $7,340.00","STC","1","$1.13","$112.02"
"5/21/2026","5/21/2026","5/22/2026","SPXW","SPXW 5/21/2026 Put $7,345.00","BTC","1","$1.33","($133.98)"
"5/21/2026","5/21/2026","5/22/2026","SPXW","SPXW 5/21/2026 Put $7,340.00","STC","1","$1.17","$116.02"
"5/21/2026","5/21/2026","5/22/2026","SPXW","SPXW 5/21/2026 Put $7,345.00","BTC","1","$1.37","($137.98)"
"5/21/2026","5/21/2026","5/22/2026","SPXW","SPXW 5/21/2026 Put $7,335.00","STO","5","$2.72","$1,355.10"
"5/21/2026","5/21/2026","5/22/2026","SPXW","SPXW 5/21/2026 Put $7,330.00","BTO","5","$2.27","($1,139.90)"
"5/21/2026","5/21/2026","5/22/2026","SPXW","SPXW 5/21/2026 Call $7,470.00","STC","10","$0.67","$661.10"
"5/21/2026","5/21/2026","5/22/2026","SPXW","SPXW 5/21/2026 Call $7,465.00","BTC","10","$0.87","($878.90)"
"5/21/2026","5/21/2026","5/22/2026","SPXW","SPXW 5/21/2026 Call $7,480.00","STC","3","$0.52","$153.33"
"5/21/2026","5/21/2026","5/22/2026","SPXW","SPXW 5/21/2026 Call $7,475.00","BTC","3","$0.67","($203.67)"
"5/21/2026","5/21/2026","5/22/2026","SPXW","SPXW 5/21/2026 Call $7,480.00","STC","1","$0.55","$54.11"
"5/21/2026","5/21/2026","5/22/2026","SPXW","SPXW 5/21/2026 Call $7,475.00","BTC","1","$0.70","($70.89)"
"5/21/2026","5/21/2026","5/22/2026","SPXW","SPXW 5/21/2026 Call $7,480.00","STC","1","$0.62","$61.11"
"5/21/2026","5/21/2026","5/22/2026","SPXW","SPXW 5/21/2026 Call $7,475.00","BTC","1","$0.77","($77.89)"
"5/21/2026","5/21/2026","5/22/2026","SPXW","SPXW 5/21/2026 Call $7,480.00","STC","2","$0.65","$128.22"
"5/21/2026","5/21/2026","5/22/2026","SPXW","SPXW 5/21/2026 Call $7,475.00","BTC","2","$0.80","($161.78)"
"5/21/2026","5/21/2026","5/22/2026","SPXW","SPXW 5/21/2026 Call $7,480.00","STC","3","$0.62","$183.33"
"5/21/2026","5/21/2026","5/22/2026","SPXW","SPXW 5/21/2026 Call $7,475.00","BTC","3","$0.77","($233.67)"
"5/21/2026","5/21/2026","5/22/2026","SPXW","SPXW 5/21/2026 Put $7,340.00","BTO","5","$2.45","($1,229.90)"
"5/21/2026","5/21/2026","5/22/2026","SPXW","SPXW 5/21/2026 Put $7,345.00","STO","5","$2.90","$1,445.10"
"5/21/2026","5/21/2026","5/22/2026","SPXW","SPXW 5/21/2026 Call $7,480.00","BTO","10","$2.25","($2,259.80)"
"5/21/2026","5/21/2026","5/22/2026","SPXW","SPXW 5/21/2026 Call $7,475.00","STO","10","$2.80","$2,790.20"
"5/21/2026","5/21/2026","5/22/2026","NVDA","NVDA 5/22/2026 Put $192.50","STC","1","$0.01","$0.94"
"5/21/2026","5/21/2026","5/22/2026","SPXW","SPXW 5/21/2026 Call $7,470.00","BTO","10","$3.33","($3,339.80)"
"5/21/2026","5/21/2026","5/22/2026","SPXW","SPXW 5/21/2026 Call $7,465.00","STO","10","$4.08","$4,070.20"
"5/20/2026","5/20/2026","5/21/2026","SPXW","Option Expiration for SPXW 5/20/2026 Call $7,455.00","OEXP","16","",""
"5/20/2026","5/20/2026","5/21/2026","SPXW","Option Expiration for SPXW 5/20/2026 Call $7,440.00","OEXP","5","",""
"5/20/2026","5/20/2026","5/21/2026","SPXW","Option Expiration for SPXW 5/20/2026 Call $7,445.00","OEXP","5S","",""
"5/20/2026","5/20/2026","5/21/2026","SPXW","Option Expiration for SPXW 5/20/2026 Call $7,460.00","OEXP","16S","",""
"5/20/2026","5/20/2026","5/21/2026","NVDA","NVDA 5/22/2026 Put $192.50","BTO","1","$0.19","($19.04)"
"5/20/2026","5/20/2026","5/21/2026","SPXW","SPXW 5/20/2026 Put $7,350.00","STC","5","$0.30","$145.55"
"5/20/2026","5/20/2026","5/21/2026","SPXW","SPXW 5/20/2026 Put $7,355.00","BTC","5","$0.35","($179.45)"
"5/20/2026","5/20/2026","5/21/2026","SPXW","SPXW 5/20/2026 Put $7,350.00","BTO","5","$0.85","($429.45)"
"5/20/2026","5/20/2026","5/21/2026","SPXW","SPXW 5/20/2026 Put $7,355.00","STO","5","$1.00","$495.10"
"5/20/2026","5/20/2026","5/20/2026","","Interest adjustment","INT","","","$0.07"
"5/20/2026","5/20/2026","5/21/2026","SPXW","SPXW 5/20/2026 Call $7,460.00","BTO","10","$1.12","($1,129.80)"
"5/20/2026","5/20/2026","5/21/2026","SPXW","SPXW 5/20/2026 Call $7,455.00","STO","10","$1.52","$1,510.20"
"5/20/2026","5/20/2026","5/21/2026","SPXW","SPXW 5/20/2026 Put $7,330.00","BTC","4","$0.45","($183.56)"
"5/20/2026","5/20/2026","5/21/2026","SPXW","SPXW 5/20/2026 Put $7,325.00","STC","4","$0.40","$156.44"
"5/20/2026","5/20/2026","5/21/2026","SPXW","SPXW 5/20/2026 Put $7,320.00","BTC","4","$0.37","($151.56)"
"5/20/2026","5/20/2026","5/21/2026","SPXW","SPXW 5/20/2026 Put $7,315.00","STC","4","$0.32","$124.44"
"5/20/2026","5/20/2026","5/21/2026","SPXW","SPXW 5/20/2026 Call $7,460.00","BTO","5","$0.68","($344.45)"
"5/20/2026","5/20/2026","5/21/2026","SPXW","SPXW 5/20/2026 Call $7,455.00","STO","5","$0.93","$460.55"
"5/20/2026","5/20/2026","5/21/2026","SPXW","SPXW 5/20/2026 Call $7,460.00","BTO","1","$0.65","($65.89)"
"5/20/2026","5/20/2026","5/21/2026","SPXW","SPXW 5/20/2026 Call $7,455.00","STO","1","$0.90","$89.11"
"5/20/2026","5/20/2026","5/21/2026","SPXW","SPXW 5/20/2026 Call $7,430.00","BTC","4","$3.85","($1,543.92)"
"5/20/2026","5/20/2026","5/21/2026","SPXW","SPXW 5/20/2026 Call $7,435.00","STC","4","$2.95","$1,176.08"
"5/20/2026","5/20/2026","5/21/2026","SPXW","SPXW 5/20/2026 Call $7,445.00","BTO","1","$1.87","($187.98)"
"5/20/2026","5/20/2026","5/21/2026","SPXW","SPXW 5/20/2026 Call $7,440.00","STO","1","$2.42","$241.02"
"5/20/2026","5/20/2026","5/21/2026","SPXW","SPXW 5/20/2026 Call $7,445.00","BTO","1","$1.87","($187.98)"
"5/20/2026","5/20/2026","5/21/2026","SPXW","SPXW 5/20/2026 Call $7,440.00","STO","1","$2.42","$241.02"
"5/20/2026","5/20/2026","5/21/2026","SPXW","SPXW 5/20/2026 Call $7,445.00","BTO","1","$1.87","($187.98)"
"5/20/2026","5/20/2026","5/21/2026","SPXW","SPXW 5/20/2026 Call $7,440.00","STO","1","$2.42","$241.02"
"5/20/2026","5/20/2026","5/21/2026","SPXW","SPXW 5/20/2026 Call $7,445.00","BTO","1","$1.87","($187.98)"
"5/20/2026","5/20/2026","5/21/2026","SPXW","SPXW 5/20/2026 Call $7,440.00","STO","1","$2.42","$241.02"
"5/20/2026","5/20/2026","5/21/2026","SPXW","SPXW 5/20/2026 Call $7,445.00","BTO","1","$1.87","($187.98)"
"5/20/2026","5/20/2026","5/21/2026","SPXW","SPXW 5/20/2026 Call $7,440.00","STO","1","$2.42","$241.02"
"5/20/2026","5/20/2026","5/21/2026","SPXW","SPXW 5/20/2026 Call $7,425.00","STC","1","$5.80","$579.02"
"5/20/2026","5/20/2026","5/21/2026","SPXW","SPXW 5/20/2026 Call $7,420.00","BTC","1","$7.40","($740.98)"
"5/20/2026","5/20/2026","5/21/2026","SPXW","SPXW 5/20/2026 Call $7,425.00","STC","1","$5.80","$579.02"
"5/20/2026","5/20/2026","5/21/2026","SPXW","SPXW 5/20/2026 Call $7,420.00","BTC","1","$7.40","($740.98)"
"5/20/2026","5/20/2026","5/21/2026","SPXW","SPXW 5/20/2026 Call $7,425.00","STC","1","$5.80","$579.02"
"5/20/2026","5/20/2026","5/21/2026","SPXW","SPXW 5/20/2026 Call $7,420.00","BTC","1","$7.40","($740.98)"
"5/20/2026","5/20/2026","5/21/2026","SPXW","SPXW 5/20/2026 Call $7,425.00","STC","1","$5.80","$579.02"
"5/20/2026","5/20/2026","5/21/2026","SPXW","SPXW 5/20/2026 Call $7,420.00","BTC","1","$7.40","($740.98)"
"5/20/2026","5/20/2026","5/21/2026","SPXW","SPXW 5/20/2026 Call $7,435.00","BTO","4","$1.52","($611.92)"
"5/20/2026","5/20/2026","5/21/2026","SPXW","SPXW 5/20/2026 Call $7,430.00","STO","4","$1.97","$784.08"
"5/20/2026","5/20/2026","5/21/2026","SPXW","SPXW 5/20/2026 Call $7,425.00","BTO","4","$2.50","($1,003.92)"
"5/20/2026","5/20/2026","5/21/2026","SPXW","SPXW 5/20/2026 Call $7,420.00","STO","4","$3.20","$1,276.08"
"5/20/2026","5/20/2026","5/21/2026","SPXW","SPXW 5/20/2026 Put $7,315.00","BTO","4","$2.23","($895.92)"
"5/20/2026","5/20/2026","5/21/2026","SPXW","SPXW 5/20/2026 Put $7,320.00","STO","4","$2.63","$1,048.08"
"5/20/2026","5/20/2026","5/21/2026","SPXW","SPXW 5/20/2026 Put $7,325.00","BTO","1","$2.58","($258.98)"
"5/20/2026","5/20/2026","5/21/2026","SPXW","SPXW 5/20/2026 Put $7,330.00","STO","1","$3.03","$302.02"
"5/20/2026","5/20/2026","5/21/2026","SPXW","SPXW 5/20/2026 Put $7,325.00","BTO","1","$2.58","($258.98)"
"5/20/2026","5/20/2026","5/21/2026","SPXW","SPXW 5/20/2026 Put $7,330.00","STO","1","$3.03","$302.02"
"5/20/2026","5/20/2026","5/21/2026","SPXW","SPXW 5/20/2026 Put $7,325.00","BTO","1","$2.58","($258.98)"
"5/20/2026","5/20/2026","5/21/2026","SPXW","SPXW 5/20/2026 Put $7,330.00","STO","1","$3.03","$302.02"
"5/20/2026","5/20/2026","5/21/2026","SPXW","SPXW 5/20/2026 Put $7,325.00","BTO","1","$2.58","($258.98)"
"5/20/2026","5/20/2026","5/21/2026","SPXW","SPXW 5/20/2026 Put $7,330.00","STO","1","$3.03","$302.02"
"5/19/2026","5/19/2026","5/20/2026","SPXW","Option Expiration for SPXW 5/19/2026 Call $7,415.00","OEXP","11","",""
"5/19/2026","5/19/2026","5/20/2026","SPXW","Option Expiration for SPXW 5/19/2026 Call $7,405.00","OEXP","21","",""
"5/19/2026","5/19/2026","5/20/2026","SPXW","Option Expiration for SPXW 5/19/2026 Call $7,410.00","OEXP","21S","",""
"5/19/2026","5/19/2026","5/20/2026","SPXW","Option Expiration for SPXW 5/19/2026 Call $7,420.00","OEXP","11S","",""
"5/19/2026","5/19/2026","5/20/2026","SPXW","SPXW 5/19/2026 Call $7,420.00","BTO","1","$1.15","($115.98)"
"5/19/2026","5/19/2026","5/20/2026","SPXW","SPXW 5/19/2026 Call $7,415.00","STO","1","$1.65","$164.02"
"5/19/2026","5/19/2026","5/20/2026","SPXW","SPXW 5/19/2026 Call $7,420.00","BTO","10","$1.15","($1,159.80)"
"5/19/2026","5/19/2026","5/20/2026","SPXW","SPXW 5/19/2026 Call $7,415.00","STO","10","$1.65","$1,640.20"
"5/19/2026","5/19/2026","5/20/2026","SPXW","SPXW 5/19/2026 Put $7,320.00","BTC","5","$0.32","($164.45)"
"5/19/2026","5/19/2026","5/20/2026","SPXW","SPXW 5/19/2026 Put $7,315.00","STC","5","$0.27","$130.55"
"5/19/2026","5/19/2026","5/20/2026","SPXW","SPXW 5/19/2026 Put $7,310.00","BTC","5","$0.27","($139.45)"
"5/19/2026","5/19/2026","5/20/2026","SPXW","SPXW 5/19/2026 Put $7,305.00","STC","5","$0.22","$105.55"
"5/19/2026","5/19/2026","5/20/2026","SPXW","SPXW 5/19/2026 Call $7,410.00","BTO","1","$2.75","($275.98)"
"5/19/2026","5/19/2026","5/20/2026","SPXW","SPXW 5/19/2026 Call $7,410.00","BTO","1","$2.75","($275.98)"
"5/19/2026","5/19/2026","5/20/2026","SPXW","SPXW 5/19/2026 Call $7,405.00","STO","1","$3.80","$379.02"
"5/19/2026","5/19/2026","5/20/2026","SPXW","SPXW 5/19/2026 Call $7,405.00","STO","1","$3.80","$379.02"
"5/19/2026","5/19/2026","5/20/2026","SPXW","SPXW 5/19/2026 Call $7,410.00","BTO","1","$2.58","($258.98)"
"5/19/2026","5/19/2026","5/20/2026","SPXW","SPXW 5/19/2026 Call $7,405.00","STO","1","$3.63","$362.02"
"5/19/2026","5/19/2026","5/20/2026","SPXW","SPXW 5/19/2026 Call $7,410.00","BTO","10","$1.90","($1,909.80)"
"5/19/2026","5/19/2026","5/20/2026","SPXW","SPXW 5/19/2026 Call $7,405.00","STO","10","$2.60","$2,590.20"
"5/19/2026","5/19/2026","5/20/2026","SPXW","SPXW 5/19/2026 Call $7,385.00","STC","10","$8.68","$8,670.20"
"5/19/2026","5/19/2026","5/20/2026","SPXW","SPXW 5/19/2026 Call $7,380.00","BTC","10","$11.08","($11,089.80)"
"5/19/2026","5/19/2026","5/20/2026","SPXW","SPXW 5/19/2026 Call $7,390.00","STC","5","$6.29","$3,140.10"
"5/19/2026","5/19/2026","5/20/2026","SPXW","SPXW 5/19/2026 Call $7,380.00","BTC","5","$10.54","($5,274.90)"
"5/19/2026","5/19/2026","5/20/2026","SPXW","SPXW 5/19/2026 Call $7,410.00","BTO","8","$1.37","($1,103.84)"
"5/19/2026","5/19/2026","5/20/2026","SPXW","SPXW 5/19/2026 Call $7,405.00","STO","8","$1.87","$1,488.16"
"5/19/2026","5/19/2026","5/20/2026","SPXW","SPXW 5/19/2026 Put $7,295.00","BTC","1","$0.29","($29.89)"
"5/19/2026","5/19/2026","5/20/2026","SPXW","SPXW 5/19/2026 Put $7,290.00","STC","1","$0.24","$23.11"
"5/19/2026","5/19/2026","5/20/2026","SPXW","SPXW 5/19/2026 Call $7,375.00","STC","5","$10.33","$5,160.10"
"5/19/2026","5/19/2026","5/20/2026","SPXW","SPXW 5/19/2026 Call $7,370.00","BTC","5","$12.93","($6,469.90)"
"5/19/2026","5/19/2026","5/20/2026","SPXW","SPXW 5/19/2026 Put $7,295.00","BTC","9","$0.32","($296.01)"
"5/19/2026","5/19/2026","5/20/2026","SPXW","SPXW 5/19/2026 Put $7,290.00","STC","9","$0.27","$234.99"
"5/19/2026","5/19/2026","5/20/2026","SPXW","SPXW 5/19/2026 Call $7,375.00","BTO","5","$4.62","($2,314.90)"
"5/19/2026","5/19/2026","5/20/2026","SPXW","SPXW 5/19/2026 Call $7,370.00","STO","5","$5.62","$2,805.10"
"5/19/2026","5/19/2026","5/20/2026","SPXW","SPXW 5/19/2026 Call $7,385.00","BTO","10","$3.27","($3,279.80)"
"5/19/2026","5/19/2026","5/20/2026","SPXW","SPXW 5/19/2026 Call $7,380.00","STO","10","$4.02","$4,010.20"
"5/19/2026","5/19/2026","5/20/2026","SPXW","SPXW 5/19/2026 Call $7,385.00","STC","4","$2.85","$1,136.08"
"5/19/2026","5/19/2026","5/20/2026","SPXW","SPXW 5/19/2026 Call $7,390.00","BTO","4","$2.30","($923.92)"
"5/19/2026","5/19/2026","5/20/2026","SPXW","SPXW 5/19/2026 Call $7,385.00","STC","1","$2.75","$274.02"
"5/19/2026","5/19/2026","5/20/2026","SPXW","SPXW 5/19/2026 Call $7,390.00","BTO","1","$2.20","($220.98)"
"5/19/2026","5/19/2026","5/20/2026","SPXW","SPXW 5/19/2026 Call $7,385.00","BTO","5","$3.25","($1,629.90)"
"5/19/2026","5/19/2026","5/20/2026","SPXW","SPXW 5/19/2026 Call $7,380.00","STO","5","$4.00","$1,995.10"
"5/19/2026","5/19/2026","5/20/2026","SPXW","SPXW 5/19/2026 Call $7,425.00","STC","4","$0.82","$324.44"
"5/19/2026","5/19/2026","5/20/2026","SPXW","SPXW 5/19/2026 Call $7,420.00","BTC","4","$0.97","($391.56)"
"5/19/2026","5/19/2026","5/20/2026","SPXW","SPXW 5/19/2026 Call $7,425.00","STC","1","$1.05","$104.02"
"5/19/2026","5/19/2026","5/20/2026","SPXW","SPXW 5/19/2026 Call $7,420.00","BTC","1","$1.20","($120.98)"
"5/19/2026","5/19/2026","5/20/2026","SPXW","SPXW 5/19/2026 Call $7,435.00","BTC","1","$0.85","($85.89)"
"5/19/2026","5/19/2026","5/20/2026","SPXW","SPXW 5/19/2026 Call $7,440.00","STC","1","$0.70","$69.11"
"5/19/2026","5/19/2026","5/20/2026","SPXW","SPXW 5/19/2026 Call $7,435.00","BTC","1","$0.85","($85.89)"
"5/19/2026","5/19/2026","5/20/2026","SPXW","SPXW 5/19/2026 Call $7,440.00","STC","1","$0.70","$69.11"
"5/19/2026","5/19/2026","5/20/2026","SPXW","SPXW 5/19/2026 Call $7,435.00","BTC","3","$0.85","($257.67)"
"5/19/2026","5/19/2026","5/20/2026","SPXW","SPXW 5/19/2026 Call $7,440.00","STC","3","$0.70","$207.33"
"5/19/2026","5/19/2026","5/20/2026","SPXW","SPXW 5/19/2026 Put $7,295.00","STO","10","$2.67","$2,660.20"
"5/19/2026","5/19/2026","5/20/2026","SPXW","SPXW 5/19/2026 Put $7,290.00","BTO","10","$2.27","($2,279.80)"
"5/19/2026","5/19/2026","5/20/2026","SPXW","SPXW 5/19/2026 Put $7,310.00","STO","5","$4.25","$2,120.10"
"5/19/2026","5/19/2026","5/20/2026","SPXW","SPXW 5/19/2026 Put $7,305.00","BTO","5","$3.65","($1,829.90)"
"5/19/2026","5/19/2026","5/20/2026","SPXW","SPXW 5/19/2026 Put $7,315.00","BTO","5","$4.95","($2,479.90)"
"5/19/2026","5/19/2026","5/20/2026","SPXW","SPXW 5/19/2026 Put $7,320.00","STO","5","$5.75","$2,870.10"
"5/19/2026","5/19/2026","5/20/2026","SPXW","SPXW 5/19/2026 Call $7,440.00","BTO","5","$1.74","($874.90)"
"5/19/2026","5/19/2026","5/20/2026","SPXW","SPXW 5/19/2026 Call $7,435.00","STO","5","$2.19","$1,090.10"
"5/19/2026","5/19/2026","5/20/2026","SPXW","SPXW 5/19/2026 Call $7,425.00","BTO","1","$3.03","($303.98)"
"5/19/2026","5/19/2026","5/20/2026","SPXW","SPXW 5/19/2026 Call $7,420.00","STO","1","$3.73","$372.02"
"5/19/2026","5/19/2026","5/20/2026","SPXW","SPXW 5/19/2026 Call $7,425.00","BTO","1","$3.03","($303.98)"
"5/19/2026","5/19/2026","5/20/2026","SPXW","SPXW 5/19/2026 Call $7,420.00","STO","1","$3.73","$372.02"
"5/19/2026","5/19/2026","5/20/2026","SPXW","SPXW 5/19/2026 Call $7,425.00","BTO","1","$3.03","($303.98)"
"5/19/2026","5/19/2026","5/20/2026","SPXW","SPXW 5/19/2026 Call $7,420.00","STO","1","$3.73","$372.02"
"5/19/2026","5/19/2026","5/20/2026","SPXW","SPXW 5/19/2026 Call $7,425.00","BTO","2","$3.03","($607.96)"
"5/19/2026","5/19/2026","5/20/2026","SPXW","SPXW 5/19/2026 Call $7,420.00","STO","2","$3.73","$744.04"
"5/18/2026","5/18/2026","5/19/2026","SPXW","SPXW 5/18/2026 Put $7,340.00","STC","2","$0.07","$12.22"
"5/18/2026","5/18/2026","5/19/2026","SPXW","SPXW 5/18/2026 Put $7,345.00","BTC","2","$0.12","($25.78)"
"5/18/2026","5/18/2026","5/19/2026","SPXW","SPXW 5/18/2026 Put $7,340.00","STC","1","$0.10","$9.11"
"5/18/2026","5/18/2026","5/19/2026","SPXW","SPXW 5/18/2026 Put $7,345.00","BTC","1","$0.15","($15.89)"
"5/18/2026","5/18/2026","5/19/2026","SPXW","SPXW 5/18/2026 Put $7,340.00","STC","1","$0.10","$9.11"
"5/18/2026","5/18/2026","5/19/2026","SPXW","SPXW 5/18/2026 Put $7,345.00","BTC","1","$0.15","($15.89)"
"5/18/2026","5/18/2026","5/19/2026","SPXW","SPXW 5/18/2026 Put $7,340.00","STC","3","$0.10","$27.33"
"5/18/2026","5/18/2026","5/19/2026","SPXW","SPXW 5/18/2026 Put $7,345.00","BTC","3","$0.15","($47.67)"
"5/18/2026","5/18/2026","5/19/2026","SPXW","SPXW 5/18/2026 Put $7,340.00","STC","1","$0.12","$11.11"
"5/18/2026","5/18/2026","5/19/2026","SPXW","SPXW 5/18/2026 Put $7,345.00","BTC","1","$0.17","($17.89)"
"5/18/2026","5/18/2026","5/19/2026","SPXW","SPXW 5/18/2026 Put $7,340.00","STC","1","$0.15","$14.11"
"5/18/2026","5/18/2026","5/19/2026","SPXW","SPXW 5/18/2026 Put $7,345.00","BTC","1","$0.20","($20.89)"
"5/18/2026","5/18/2026","5/19/2026","SPXW","SPXW 5/18/2026 Put $7,330.00","STC","12","$0.15","$169.32"
"5/18/2026","5/18/2026","5/19/2026","SPXW","SPXW 5/18/2026 Put $7,335.00","BTC","12","$0.20","($250.68)"
"5/18/2026","5/18/2026","5/19/2026","SPXW","SPXW 5/18/2026 Put $7,340.00","STC","1","$0.75","$74.11"
"5/18/2026","5/18/2026","5/19/2026","SPXW","SPXW 5/18/2026 Put $7,345.00","BTC","1","$0.80","($80.89)"
"5/18/2026","5/18/2026","5/19/2026","SPXW","SPXW 5/18/2026 Put $7,330.00","BTO","2","$0.58","($117.78)"
"5/18/2026","5/18/2026","5/19/2026","SPXW","SPXW 5/18/2026 Put $7,335.00","STO","2","$0.78","$154.22"
"5/18/2026","5/18/2026","5/19/2026","SPXW","SPXW 5/18/2026 Put $7,330.00","BTO","10","$0.60","($608.90)"
"5/18/2026","5/18/2026","5/19/2026","SPXW","SPXW 5/18/2026 Put $7,335.00","STO","10","$0.80","$791.10"
"5/18/2026","5/18/2026","5/19/2026","SPXW","SPXW 5/18/2026 Call $7,435.00","STC","8","$0.20","$152.88"
"5/18/2026","5/18/2026","5/19/2026","SPXW","SPXW 5/18/2026 Call $7,430.00","BTC","8","$0.25","($207.12)"
"5/18/2026","5/18/2026","5/19/2026","SPXW","SPXW 5/18/2026 Put $7,335.00","BTC","6","$0.30","($185.34)"
"5/18/2026","5/18/2026","5/19/2026","SPXW","SPXW 5/18/2026 Put $7,330.00","STC","6","$0.25","$144.66"
"5/18/2026","5/18/2026","5/19/2026","SPXW","SPXW 5/18/2026 Call $7,435.00","BTO","8","$0.77","($623.12)"
"5/18/2026","5/18/2026","5/19/2026","SPXW","SPXW 5/18/2026 Call $7,430.00","STO","8","$0.97","$768.88"
"5/18/2026","5/18/2026","5/19/2026","SPXW","SPXW 5/18/2026 Put $7,320.00","BTC","7","$0.27","($195.23)"
"5/18/2026","5/18/2026","5/19/2026","SPXW","SPXW 5/18/2026 Put $7,315.00","STC","7","$0.22","$147.77"
"5/18/2026","5/18/2026","5/19/2026","SPXW","SPXW 5/18/2026 Put $7,315.00","BTO","7","$1.12","($790.86)"
"5/18/2026","5/18/2026","5/19/2026","SPXW","SPXW 5/18/2026 Put $7,320.00","STO","7","$1.37","$952.14"
"5/18/2026","5/18/2026","5/19/2026","SPXW","SPXW 5/18/2026 Call $7,465.00","STC","4","$0.25","$96.44"
"5/18/2026","5/18/2026","5/19/2026","SPXW","SPXW 5/18/2026 Call $7,460.00","BTC","4","$0.30","($123.56)"
"5/18/2026","5/18/2026","5/19/2026","SPXW","SPXW 5/18/2026 Call $7,465.00","STC","2","$0.32","$62.22"
"5/18/2026","5/18/2026","5/19/2026","SPXW","SPXW 5/18/2026 Call $7,460.00","BTC","2","$0.37","($75.78)"
"5/18/2026","5/18/2026","5/19/2026","SPXW","SPXW 5/18/2026 Put $7,340.00","BTO","8","$4.35","($3,487.84)"
"5/18/2026","5/18/2026","5/19/2026","SPXW","SPXW 5/18/2026 Put $7,345.00","STO","8","$5.15","$4,112.16"
"5/18/2026","5/18/2026","5/19/2026","SPXW","SPXW 5/18/2026 Put $7,340.00","BTO","2","$3.88","($777.96)"
"5/18/2026","5/18/2026","5/19/2026","SPXW","SPXW 5/18/2026 Put $7,345.00","STO","2","$4.68","$934.04"
"5/18/2026","5/18/2026","5/19/2026","SPXW","SPXW 5/18/2026 Put $7,385.00","BTC","6","$17.83","($10,703.88)"
"5/18/2026","5/18/2026","5/19/2026","SPXW","SPXW 5/18/2026 Put $7,380.00","STC","6","$15.48","$9,282.12"
"5/18/2026","5/18/2026","5/19/2026","SPXW","SPXW 5/18/2026 Put $7,330.00","BTO","1","$2.33","($233.98)"
"5/18/2026","5/18/2026","5/19/2026","SPXW","SPXW 5/18/2026 Put $7,335.00","STO","1","$2.73","$272.02"
"5/18/2026","5/18/2026","5/19/2026","SPXW","SPXW 5/18/2026 Put $7,330.00","BTO","1","$2.33","($233.98)"
"5/18/2026","5/18/2026","5/19/2026","SPXW","SPXW 5/18/2026 Put $7,335.00","STO","1","$2.73","$272.02"
"5/18/2026","5/18/2026","5/19/2026","SPXW","SPXW 5/18/2026 Put $7,330.00","BTO","1","$2.33","($233.98)"
"5/18/2026","5/18/2026","5/19/2026","SPXW","SPXW 5/18/2026 Put $7,335.00","STO","1","$2.73","$272.02"
"5/18/2026","5/18/2026","5/19/2026","SPXW","SPXW 5/18/2026 Put $7,330.00","BTO","1","$2.33","($233.98)"
"5/18/2026","5/18/2026","5/19/2026","SPXW","SPXW 5/18/2026 Put $7,335.00","STO","1","$2.73","$272.02"
"5/18/2026","5/18/2026","5/19/2026","SPXW","SPXW 5/18/2026 Put $7,330.00","BTO","2","$2.33","($467.96)"
"5/18/2026","5/18/2026","5/19/2026","SPXW","SPXW 5/18/2026 Put $7,335.00","STO","2","$2.73","$544.04"
"5/18/2026","5/18/2026","5/19/2026","SPXW","SPXW 5/18/2026 Call $7,465.00","BTO","6","$2.27","($1,367.88)"
"5/18/2026","5/18/2026","5/19/2026","SPXW","SPXW 5/18/2026 Call $7,460.00","STO","6","$2.97","$1,776.12"
"5/18/2026","5/18/2026","5/19/2026","SPXW","SPXW 5/18/2026 Put $7,380.00","BTO","6","$3.52","($2,117.88)"
"5/18/2026","5/18/2026","5/19/2026","SPXW","SPXW 5/18/2026 Put $7,385.00","STO","6","$4.12","$2,466.12"
"5/18/2026","5/18/2026","5/19/2026","SPXW","SPXW 5/18/2026 Call $7,460.00","STC","4","$3.55","$1,416.08"
"5/18/2026","5/18/2026","5/19/2026","SPXW","SPXW 5/18/2026 Call $7,455.00","BTC","4","$4.65","($1,863.92)"
"5/18/2026","5/18/2026","5/19/2026","SPXW","SPXW 5/18/2026 Put $7,350.00","STC","4","$1.20","$476.08"
"5/18/2026","5/18/2026","5/19/2026","SPXW","SPXW 5/18/2026 Put $7,355.00","BTC","4","$1.40","($563.92)"
"5/18/2026","5/18/2026","5/19/2026","SPXW","SPXW 5/18/2026 Call $7,460.00","BTO","3","$2.02","($608.94)"
"5/18/2026","5/18/2026","5/19/2026","SPXW","SPXW 5/18/2026 Call $7,455.00","STO","3","$2.57","$768.06"
"5/18/2026","5/18/2026","5/19/2026","SPXW","SPXW 5/18/2026 Call $7,460.00","BTO","1","$2.02","($202.98)"
"5/18/2026","5/18/2026","5/19/2026","SPXW","SPXW 5/18/2026 Call $7,455.00","STO","1","$2.57","$256.02"
"5/18/2026","5/18/2026","5/19/2026","SPXW","SPXW 5/18/2026 Put $7,350.00","BTO","4","$2.88","($1,155.92)"
"5/18/2026","5/18/2026","5/19/2026","SPXW","SPXW 5/18/2026 Put $7,355.00","STO","4","$3.38","$1,348.08"
"5/15/2026","5/15/2026","5/18/2026","SPXW","Option Expiration for SPXW 5/15/2026 Put $7,395.00","OEXP","10","",""
"5/15/2026","5/15/2026","5/18/2026","SPXW","Option Expiration for SPXW 5/15/2026 Put $7,390.00","OEXP","10S","",""
"5/15/2026","5/15/2026","5/18/2026","SPXW","SPXW 5/15/2026 Call $7,460.00","STC","4","$0.07","$24.44"
"5/15/2026","5/15/2026","5/18/2026","SPXW","SPXW 5/15/2026 Call $7,455.00","BTC","4","$0.12","($51.56)"
"5/15/2026","5/15/2026","5/18/2026","SPXW","SPXW 5/15/2026 Put $7,420.00","BTC","4","$5.55","($2,223.92)"
"5/15/2026","5/15/2026","5/18/2026","SPXW","SPXW 5/15/2026 Put $7,415.00","STC","4","$4.15","$1,656.08"
"5/15/2026","5/15/2026","5/18/2026","SPXW","SPXW 5/15/2026 Put $7,390.00","BTO","10","$1.03","($1,039.80)"
"5/15/2026","5/15/2026","5/18/2026","SPXW","SPXW 5/15/2026 Put $7,395.00","STO","10","$1.33","$1,320.20"
"5/15/2026","5/15/2026","5/18/2026","SPXW","SPXW 5/15/2026 Call $7,460.00","BTO","1","$1.17","($117.98)"
"5/15/2026","5/15/2026","5/18/2026","SPXW","SPXW 5/15/2026 Call $7,455.00","STO","1","$1.77","$176.02"
"5/15/2026","5/15/2026","5/18/2026","SPXW","SPXW 5/15/2026 Call $7,460.00","BTO","1","$1.17","($117.98)"
"5/15/2026","5/15/2026","5/18/2026","SPXW","SPXW 5/15/2026 Call $7,455.00","STO","1","$1.77","$176.02"
"5/15/2026","5/15/2026","5/18/2026","SPXW","SPXW 5/15/2026 Call $7,460.00","BTO","1","$1.17","($117.98)"
"5/15/2026","5/15/2026","5/18/2026","SPXW","SPXW 5/15/2026 Call $7,455.00","STO","1","$1.77","$176.02"
"5/15/2026","5/15/2026","5/18/2026","SPXW","SPXW 5/15/2026 Call $7,460.00","BTO","1","$1.17","($117.98)"
"5/15/2026","5/15/2026","5/18/2026","SPXW","SPXW 5/15/2026 Call $7,455.00","STO","1","$1.77","$176.02"
"5/15/2026","5/15/2026","5/18/2026","SPXW","SPXW 5/15/2026 Call $7,475.00","BTC","3","$0.37","($113.67)"
"5/15/2026","5/15/2026","5/18/2026","SPXW","SPXW 5/15/2026 Call $7,480.00","STC","3","$0.27","$78.33"
"5/15/2026","5/15/2026","5/18/2026","SPXW","SPXW 5/15/2026 Put $7,415.00","BTO","4","$1.30","($523.92)"
"5/15/2026","5/15/2026","5/18/2026","SPXW","SPXW 5/15/2026 Put $7,420.00","STO","4","$1.80","$716.08"
"5/15/2026","5/15/2026","5/18/2026","SPXW","SPXW 5/15/2026 Call $7,480.00","STC","1","$0.75","$74.11"
"5/15/2026","5/15/2026","5/18/2026","SPXW","SPXW 5/15/2026 Call $7,475.00","BTC","1","$0.95","($95.89)"
"5/15/2026","5/15/2026","5/18/2026","SPXW","SPXW 5/15/2026 Call $7,480.00","STC","1","$0.82","$81.11"
"5/15/2026","5/15/2026","5/18/2026","SPXW","SPXW 5/15/2026 Call $7,475.00","BTC","1","$1.02","($102.98)"
"5/15/2026","5/15/2026","5/18/2026","SPXW","SPXW 5/15/2026 Put $7,385.00","STC","4","$0.52","$204.44"
"5/15/2026","5/15/2026","5/18/2026","SPXW","SPXW 5/15/2026 Put $7,390.00","BTC","4","$0.67","($271.56)"
"5/15/2026","5/15/2026","5/18/2026","SPXW","SPXW 5/15/2026 Put $7,385.00","STC","1","$0.63","$62.11"
"5/15/2026","5/15/2026","5/18/2026","SPXW","SPXW 5/15/2026 Put $7,390.00","BTC","1","$0.78","($78.89)"
"5/15/2026","5/15/2026","5/18/2026","SPXW","SPXW 5/15/2026 Put $7,385.00","BTO","5","$3.07","($1,539.90)"
"5/15/2026","5/15/2026","5/18/2026","SPXW","SPXW 5/15/2026 Put $7,390.00","STO","5","$3.62","$1,805.10"
"5/15/2026","5/15/2026","5/18/2026","SPXW","SPXW 5/15/2026 Put $7,355.00","STC","5","$1.07","$530.10"
"5/15/2026","5/15/2026","5/18/2026","SPXW","SPXW 5/15/2026 Put $7,360.00","BTC","5","$1.27","($639.90)"
"5/15/2026","5/15/2026","5/18/2026","SPXW","SPXW 5/15/2026 Call $7,480.00","BTO","5","$3.05","($1,529.90)"
"5/15/2026","5/15/2026","5/18/2026","SPXW","SPXW 5/15/2026 Call $7,475.00","STO","5","$3.65","$1,820.10"
"5/15/2026","5/15/2026","5/18/2026","SPXW","SPXW 5/15/2026 Put $7,355.00","BTO","5","$4.70","($2,354.90)"
"5/15/2026","5/15/2026","5/18/2026","SPXW","SPXW 5/15/2026 Put $7,360.00","STO","5","$5.40","$2,695.10"
"5/14/2026","5/14/2026","5/15/2026","SPXW","Option Expiration for SPXW 5/14/2026 Call $7,525.00","OEXP","9S","",""
"5/14/2026","5/14/2026","5/15/2026","SPXW","SPXW 5/14/2026 Call $7,520.00","BTC","1","$0.05","($5.89)"
"5/14/2026","5/14/2026","5/15/2026","SPXW","SPXW 5/14/2026 Call $7,520.00","BTC","1","$0.05","($5.89)"
"5/14/2026","5/14/2026","5/15/2026","SPXW","SPXW 5/14/2026 Call $7,520.00","BTC","1","$0.05","($5.89)"
"5/14/2026","5/14/2026","5/15/2026","SPXW","SPXW 5/14/2026 Call $7,520.00","BTC","1","$0.05","($5.89)"
"5/14/2026","5/14/2026","5/15/2026","SPXW","SPXW 5/14/2026 Call $7,520.00","BTC","5","$0.05","($29.45)"
"5/14/2026","5/14/2026","5/15/2026","SPXW","SPXW 5/14/2026 Put $7,480.00","STC","3","$0.10","$27.33"
"5/14/2026","5/14/2026","5/15/2026","SPXW","SPXW 5/14/2026 Put $7,485.00","BTC","3","$0.15","($47.67)"
"5/14/2026","5/14/2026","5/15/2026","SPXW","SPXW 5/14/2026 Put $7,480.00","STC","1","$0.10","$9.11"
"5/14/2026","5/14/2026","5/15/2026","SPXW","SPXW 5/14/2026 Put $7,480.00","STC","1","$0.10","$9.11"
"5/14/2026","5/14/2026","5/15/2026","SPXW","SPXW 5/14/2026 Put $7,485.00","BTC","2","$0.15","($31.78)"
"5/14/2026","5/14/2026","5/15/2026","SPXW","SPXW 5/14/2026 Call $7,525.00","BTO","5","$0.47","($239.45)"
"5/14/2026","5/14/2026","5/15/2026","SPXW","SPXW 5/14/2026 Call $7,520.00","STO","5","$0.87","$430.55"
"5/14/2026","5/14/2026","5/15/2026","SPXW","SPXW 5/14/2026 Put $7,470.00","STC","4","$0.15","$56.44"
"5/14/2026","5/14/2026","5/15/2026","SPXW","SPXW 5/14/2026 Put $7,475.00","BTC","4","$0.20","($83.56)"
"5/14/2026","5/14/2026","5/15/2026","SPXW","SPXW 5/14/2026 Put $7,480.00","BTO","5","$1.27","($639.90)"
"5/14/2026","5/14/2026","5/15/2026","SPXW","SPXW 5/14/2026 Put $7,485.00","STO","5","$1.82","$905.10"
"5/14/2026","5/14/2026","5/15/2026","SPXW","SPXW 5/14/2026 Call $7,515.00","STC","4","$2.17","$864.08"
"5/14/2026","5/14/2026","5/15/2026","SPXW","SPXW 5/14/2026 Call $7,510.00","BTC","4","$3.57","($1,431.92)"
"5/14/2026","5/14/2026","5/15/2026","SPXW","SPXW 5/14/2026 Call $7,525.00","BTO","4","$0.62","($251.56)"
"5/14/2026","5/14/2026","5/15/2026","SPXW","SPXW 5/14/2026 Call $7,520.00","STO","4","$0.97","$384.44"
"5/14/2026","5/14/2026","5/15/2026","SPXW","SPXW 5/14/2026 Call $7,515.00","BTO","4","$1.20","($483.92)"
"5/14/2026","5/14/2026","5/15/2026","SPXW","SPXW 5/14/2026 Call $7,510.00","STO","4","$1.90","$756.08"
"5/14/2026","5/14/2026","5/15/2026","SPXW","SPXW 5/14/2026 Put $7,470.00","BTO","4","$2.12","($851.92)"
"5/14/2026","5/14/2026","5/15/2026","SPXW","SPXW 5/14/2026 Put $7,475.00","STO","4","$2.92","$1,164.08"
"5/14/2026","5/14/2026","5/15/2026","SPXW","SPXW 5/14/2026 Put $7,480.00","STC","4","$4.20","$1,676.08"
"5/14/2026","5/14/2026","5/15/2026","SPXW","SPXW 5/14/2026 Put $7,485.00","BTC","4","$5.60","($2,243.92)"
"5/14/2026","5/14/2026","5/15/2026","SPXW","SPXW 5/14/2026 Call $7,525.00","STC","4","$0.37","$144.44"
"5/14/2026","5/14/2026","5/15/2026","SPXW","SPXW 5/14/2026 Call $7,520.00","BTC","4","$0.57","($231.56)"
"5/14/2026","5/14/2026","5/15/2026","SPXW","SPXW 5/14/2026 Call $7,525.00","BTO","4","$1.10","($443.92)"
"5/14/2026","5/14/2026","5/15/2026","SPXW","SPXW 5/14/2026 Call $7,520.00","STO","4","$1.70","$676.08"
"5/14/2026","5/14/2026","5/15/2026","SPXW","SPXW 5/14/2026 Put $7,480.00","BTO","1","$1.65","($165.98)"
"5/14/2026","5/14/2026","5/15/2026","SPXW","SPXW 5/14/2026 Put $7,485.00","STO","1","$2.30","$229.02"
"5/14/2026","5/14/2026","5/15/2026","SPXW","SPXW 5/14/2026 Put $7,480.00","BTO","1","$1.65","($165.98)"
"5/14/2026","5/14/2026","5/15/2026","SPXW","SPXW 5/14/2026 Put $7,485.00","STO","1","$2.30","$229.02"
"5/14/2026","5/14/2026","5/15/2026","SPXW","SPXW 5/14/2026 Put $7,480.00","BTO","1","$1.65","($165.98)"
"5/14/2026","5/14/2026","5/15/2026","SPXW","SPXW 5/14/2026 Put $7,485.00","STO","1","$2.30","$229.02"
"5/14/2026","5/14/2026","5/15/2026","SPXW","SPXW 5/14/2026 Put $7,480.00","BTO","1","$1.65","($165.98)"
"5/14/2026","5/14/2026","5/15/2026","SPXW","SPXW 5/14/2026 Put $7,485.00","STO","1","$2.30","$229.02"
"5/14/2026","5/14/2026","5/15/2026","SPXW","SPXW 5/14/2026 Call $7,515.00","STC","2","$2.82","$562.04"
"5/14/2026","5/14/2026","5/15/2026","SPXW","SPXW 5/14/2026 Call $7,510.00","BTC","2","$4.27","($855.96)"
"5/14/2026","5/14/2026","5/15/2026","SPXW","SPXW 5/14/2026 Call $7,515.00","STC","1","$2.85","$284.02"
"5/14/2026","5/14/2026","5/15/2026","SPXW","SPXW 5/14/2026 Call $7,510.00","BTC","1","$4.30","($430.98)"
"5/14/2026","5/14/2026","5/15/2026","SPXW","SPXW 5/14/2026 Call $7,515.00","STC","1","$2.85","$284.02"
"5/14/2026","5/14/2026","5/15/2026","SPXW","SPXW 5/14/2026 Call $7,510.00","BTC","1","$4.30","($430.98)"
"5/14/2026","5/14/2026","5/15/2026","SPXW","SPXW 5/14/2026 Put $7,460.00","STC","4","$0.82","$324.44"
"5/14/2026","5/14/2026","5/15/2026","SPXW","SPXW 5/14/2026 Put $7,465.00","BTC","4","$1.07","($431.92)"
"5/14/2026","5/14/2026","5/15/2026","SPXW","SPXW 5/14/2026 Put $7,465.00","STO","1","$3.55","$354.02"
"5/14/2026","5/14/2026","5/15/2026","SPXW","SPXW 5/14/2026 Put $7,460.00","BTO","1","$2.85","($285.98)"
"5/14/2026","5/14/2026","5/15/2026","SPXW","SPXW 5/14/2026 Put $7,465.00","STO","1","$3.55","$354.02"
"5/14/2026","5/14/2026","5/15/2026","SPXW","SPXW 5/14/2026 Put $7,460.00","BTO","1","$2.85","($285.98)"
"5/14/2026","5/14/2026","5/15/2026","SPXW","SPXW 5/14/2026 Put $7,465.00","STO","1","$3.55","$354.02"
"5/14/2026","5/14/2026","5/15/2026","SPXW","SPXW 5/14/2026 Put $7,460.00","BTO","1","$2.85","($285.98)"
"5/14/2026","5/14/2026","5/15/2026","SPXW","SPXW 5/14/2026 Put $7,465.00","STO","1","$3.55","$354.02"
"5/14/2026","5/14/2026","5/15/2026","SPXW","SPXW 5/14/2026 Put $7,460.00","BTO","1","$2.85","($285.98)"
"5/14/2026","5/14/2026","5/15/2026","SPXW","SPXW 5/14/2026 Call $7,515.00","BTO","3","$1.27","($383.94)"
"5/14/2026","5/14/2026","5/15/2026","SPXW","SPXW 5/14/2026 Call $7,510.00","STO","3","$1.97","$588.06"
"5/14/2026","5/14/2026","5/15/2026","SPXW","SPXW 5/14/2026 Call $7,515.00","BTO","1","$1.25","($125.98)"
"5/14/2026","5/14/2026","5/15/2026","SPXW","SPXW 5/14/2026 Call $7,510.00","STO","1","$1.95","$194.02"
"5/14/2026","5/14/2026","5/15/2026","SPXW","SPXW 5/14/2026 Put $7,495.00","BTC","4","$5.90","($2,363.92)"
"5/14/2026","5/14/2026","5/15/2026","SPXW","SPXW 5/14/2026 Put $7,490.00","STC","4","$4.55","$1,816.08"
"5/14/2026","5/14/2026","5/15/2026","SPXW","SPXW 5/14/2026 Call $7,535.00","STC","4","$0.62","$244.44"
"5/14/2026","5/14/2026","5/15/2026","SPXW","SPXW 5/14/2026 Call $7,530.00","BTC","4","$1.02","($411.92)"
"5/14/2026","5/14/2026","5/15/2026","SPXW","SPXW 5/14/2026 Put $7,490.00","BTO","4","$2.43","($975.92)"
"5/14/2026","5/14/2026","5/15/2026","SPXW","SPXW 5/14/2026 Put $7,495.00","STO","4","$3.13","$1,248.08"
"5/14/2026","5/14/2026","5/15/2026","SPXW","SPXW 5/14/2026 Call $7,535.00","BTO","4","$1.67","($671.92)"
"5/14/2026","5/14/2026","5/15/2026","SPXW","SPXW 5/14/2026 Call $7,530.00","STO","4","$2.57","$1,024.08"
"5/14/2026","5/14/2026","5/15/2026","SPXW","SPXW 5/14/2026 Call $7,525.00","STC","4","$3.05","$1,216.08"
"5/14/2026","5/14/2026","5/15/2026","SPXW","SPXW 5/14/2026 Call $7,520.00","BTC","4","$4.45","($1,783.92)"
"5/14/2026","5/14/2026","5/15/2026","SPXW","SPXW 5/14/2026 Put $7,475.00","BTC","1","$2.77","($277.98)"
"5/14/2026","5/14/2026","5/15/2026","SPXW","SPXW 5/14/2026 Put $7,470.00","STC","1","$2.27","$226.02"
"5/14/2026","5/14/2026","5/15/2026","SPXW","SPXW 5/14/2026 Put $7,475.00","BTC","1","$2.80","($280.98)"
"5/14/2026","5/14/2026","5/15/2026","SPXW","SPXW 5/14/2026 Put $7,470.00","STC","1","$2.30","$229.02"
"5/14/2026","5/14/2026","5/15/2026","SPXW","SPXW 5/14/2026 Put $7,460.00","STC","2","$1.72","$342.04"
"5/14/2026","5/14/2026","5/15/2026","SPXW","SPXW 5/14/2026 Put $7,465.00","BTC","2","$2.07","($415.96)"
"5/14/2026","5/14/2026","5/15/2026","SPXW","SPXW 5/14/2026 Call $7,525.00","BTO","4","$2.03","($815.92)"
"5/14/2026","5/14/2026","5/15/2026","SPXW","SPXW 5/14/2026 Call $7,520.00","STO","4","$2.93","$1,168.08"
"5/14/2026","5/14/2026","5/15/2026","SPXW","SPXW 5/14/2026 Put $7,470.00","BTO","2","$4.30","($861.96)"
"5/14/2026","5/14/2026","5/15/2026","SPXW","SPXW 5/14/2026 Put $7,475.00","STO","2","$5.30","$1,058.04"
"5/14/2026","5/14/2026","5/15/2026","SPXW","SPXW 5/14/2026 Call $7,515.00","STC","1","$3.43","$342.02"
"5/14/2026","5/14/2026","5/15/2026","SPXW","SPXW 5/14/2026 Call $7,510.00","BTC","1","$4.83","($483.98)"
"5/14/2026","5/14/2026","5/15/2026","SPXW","SPXW 5/14/2026 Call $7,515.00","STC","1","$3.43","$342.02"
"5/14/2026","5/14/2026","5/15/2026","SPXW","SPXW 5/14/2026 Call $7,510.00","BTC","1","$4.83","($483.98)"
"5/14/2026","5/14/2026","5/15/2026","SPXW","SPXW 5/14/2026 Put $7,460.00","BTO","2","$3.57","($715.96)"
"5/14/2026","5/14/2026","5/15/2026","SPXW","SPXW 5/14/2026 Put $7,465.00","STO","2","$4.32","$862.04"
"5/14/2026","5/14/2026","5/15/2026","SPXW","SPXW 5/14/2026 Put $7,435.00","STC","1","$1.90","$189.02"
"5/14/2026","5/14/2026","5/15/2026","SPXW","SPXW 5/14/2026 Put $7,435.00","STC","1","$1.90","$189.02"
"5/14/2026","5/14/2026","5/15/2026","SPXW","SPXW 5/14/2026 Put $7,440.00","BTC","2","$2.25","($451.96)"
"5/14/2026","5/14/2026","5/15/2026","SPXW","SPXW 5/14/2026 Call $7,515.00","BTO","2","$2.00","($401.96)"
"5/14/2026","5/14/2026","5/15/2026","SPXW","SPXW 5/14/2026 Call $7,510.00","STO","2","$2.70","$538.04"
"5/14/2026","5/14/2026","5/15/2026","SPXW","SPXW 5/14/2026 Put $7,440.00","STO","1","$4.72","$471.02"
"5/14/2026","5/14/2026","5/15/2026","SPXW","SPXW 5/14/2026 Put $7,435.00","BTO","1","$3.97","($397.98)"
"5/14/2026","5/14/2026","5/15/2026","SPXW","SPXW 5/14/2026 Put $7,440.00","STO","1","$4.72","$471.02"
"5/14/2026","5/14/2026","5/15/2026","SPXW","SPXW 5/14/2026 Put $7,435.00","BTO","1","$3.97","($397.98)"
"5/13/2026","5/13/2026","5/14/2026","SPXW","SPXW 5/13/2026 Put $7,445.00","OASGN","10","",""
"5/13/2026","5/13/2026","5/14/2026","SPXW","Option Maturity: Cash Component","OCC","","","($750.00)"
"5/13/2026","5/13/2026","5/14/2026","SPXW","Option Expiration for SPXW 5/13/2026 Call $7,465.00","OEXP","11","",""
"5/13/2026","5/13/2026","5/14/2026","SPXW","Option Expiration for SPXW 5/13/2026 Put $7,440.00","OEXP","10S","",""
"5/13/2026","5/13/2026","5/14/2026","SPXW","Option Expiration for SPXW 5/13/2026 Call $7,470.00","OEXP","11S","",""
"5/13/2026","5/13/2026","5/14/2026","SPXW","SPXW 5/13/2026 Put $7,440.00","BTO","10","$0.37","($378.90)"
"5/13/2026","5/13/2026","5/14/2026","SPXW","SPXW 5/13/2026 Put $7,445.00","STO","10","$0.82","$811.10"
"5/13/2026","5/13/2026","5/14/2026","SPXW","SPXW 5/13/2026 Call $7,445.00","STC","4","$12.00","$4,796.08"
"5/13/2026","5/13/2026","5/14/2026","SPXW","SPXW 5/13/2026 Call $7,440.00","BTC","4","$16.70","($6,683.92)"
"5/13/2026","5/13/2026","5/14/2026","SPXW","SPXW 5/13/2026 Call $7,470.00","BTO","11","$1.40","($1,550.78)"
"5/13/2026","5/13/2026","5/14/2026","SPXW","SPXW 5/13/2026 Call $7,465.00","STO","11","$2.05","$2,244.22"
"5/13/2026","5/13/2026","5/14/2026","SPXW","SPXW 5/13/2026 Call $7,445.00","BTO","4","$1.17","($471.92)"
"5/13/2026","5/13/2026","5/14/2026","SPXW","SPXW 5/13/2026 Call $7,440.00","STO","4","$1.67","$664.08"
"5/13/2026","5/13/2026","5/14/2026","ETN","Eaton
CUSIP: G29183103
Dividend Reinvestment","Buy","0.008305","$400.95","($3.33)"
"5/12/2026","5/12/2026","5/12/2026","","Brokerage-held Cash Interest Payment","INT","","","$1.79"
"5/12/2026","5/12/2026","5/12/2026","ETN","Cash Div: R/D 2026-05-08 P/D 2026-05-29 - 3.027946 shares at 1.1","CDIV","","","$3.33"
"5/12/2026","5/12/2026","5/13/2026","SPXW","SPXW 5/12/2026 Put $7,320.00","STC","4","$0.42","$164.44"
"5/12/2026","5/12/2026","5/13/2026","SPXW","SPXW 5/12/2026 Put $7,325.00","BTC","4","$0.52","($211.56)"
"5/12/2026","5/12/2026","5/13/2026","SPXW","SPXW 5/12/2026 Put $7,320.00","BTO","1","$2.70","($270.98)"
"5/12/2026","5/12/2026","5/13/2026","SPXW","SPXW 5/12/2026 Put $7,320.00","BTO","1","$2.70","($270.98)"
"5/12/2026","5/12/2026","5/13/2026","SPXW","SPXW 5/12/2026 Put $7,320.00","BTO","1","$2.70","($270.98)"
"5/12/2026","5/12/2026","5/13/2026","SPXW","SPXW 5/12/2026 Put $7,320.00","BTO","1","$2.70","($270.98)"
"5/12/2026","5/12/2026","5/13/2026","SPXW","SPXW 5/12/2026 Put $7,325.00","STO","4","$3.30","$1,316.08"
"5/11/2026","5/11/2026","5/12/2026","SPY","SPY 5/11/2026 Call $741.00","BTC","8","$0.08","($64.32)"
"5/11/2026","5/11/2026","5/12/2026","SPY","SPY 5/11/2026 Call $743.00","STC","8","$0.02","$15.64"
"5/11/2026","5/11/2026","5/12/2026","SPY","SPY 5/11/2026 Call $743.00","BTO","8","$0.09","($72.32)"
"5/11/2026","5/11/2026","5/12/2026","SPY","SPY 5/11/2026 Call $741.00","STO","8","$0.30","$239.64"
"5/11/2026","5/11/2026","5/12/2026","MU","Micron Technology
CUSIP: 595112103","Buy","2","$785.64","($1,571.28)"
""
"","","","","","","","","","The data provided is for informational purposes only. Please consult a professional tax service or personal tax advisor if you need instructions on how to calculate cost basis or questions regarding your specific tax situation. Reminder: This data does not include Robinhood Crypto or Robinhood Spending activity."
